Model,Accuracy,Precision,Recall,F1,ROC_AUC
Logistic Regression,0.8196570376337898,0.8869020128954429,0.8196570376337898,0.8484310579134627,0.8944051890780014
Random Forest Classifier,0.9135688801933479,0.9280632365103196,0.9135688801933479,0.9200731914373846,0.9592707998392689
XGBoost Classifier,0.9570593726422936,0.9552393396389292,0.9570593726422936,0.9560826960842744,0.9867936959998926
