Model,RMSE,MAE,R2,MAPE
Linear Regression Model,4166.065337630434,2982.764982464639,0.715113381157926,1.907828986234899
Random Forest Regressor,931.2942856135946,360.9747697781213,0.9857638100686672,0.06803893743098609
XGBoost Regressor,719.3522666439823,289.9341154186708,0.9915061784995349,0.07682763973603829
